as_of_month,eligible_count,average_risk,high_risk_count,high_risk_share,model_name
2025-07,3347,0.036522087595450871,7,0.0020914251568568869,FS2_R1_DACK_DYNAMIC_LIGHTGBM_ISOTONIC
2025-08,3348,0.043084175463792285,6,0.0017921146953405018,FS2_R1_DACK_DYNAMIC_LIGHTGBM_ISOTONIC
2025-09,3348,0.03891604948756492,12,0.0035842293906810036,FS2_R1_DACK_DYNAMIC_LIGHTGBM_ISOTONIC
2025-10,3345,0.040658003343604303,10,0.0029895366218236174,FS2_R1_DACK_DYNAMIC_LIGHTGBM_ISOTONIC
2025-11,3344,0.045674013865555058,11,0.0032894736842105261,FS2_R1_DACK_DYNAMIC_LIGHTGBM_ISOTONIC
2025-12,3341,0.034610425435614559,15,0.0044896737503741391,FS2_R1_DACK_DYNAMIC_LIGHTGBM_ISOTONIC
